{"cameraMode":{"drawMode":0,"name":"Shaded","section":"Shading Mode"},"sceneLighting":true,"audioPlay":false,"sceneViewState":{"m_AlwaysRefresh":false,"showFog":true,"showSkybox":true,"showFlares":true,"showImageEffects":true,"showParticleSystems":true,"showVisualEffectGraphs":true,"m_FxEnabled":true},"in2DMode":false,"pivot":{"x":-0.9851665496826172,"y":0.36406469345092776,"z":-0.19347476959228517},"rotation":{"x":-0.08067268133163452,"y":0.892215371131897,"z":-0.1765083521604538,"w":-0.4077848196029663},"size":2.959059238433838,"orthographic":false}